Model,Accuracy,Model_Rank
LR,0.7889125799573561,1.0
KNN,0.7782515991471215,4.0
CART,0.7839374555792467,3.0
RF,0.7846481876332623,2.0
